1439665441.056523, /muse/elements/experimental/concentration, 1.0
1439665441.122295, /muse/elements/experimental/concentration, 1.0
1439665441.195959, /muse/elements/experimental/concentration, 1.0
1439665441.340204, /muse/elements/experimental/concentration, 1.0
1439665441.413081, /muse/elements/experimental/concentration, 1.0
1439665441.565095, /muse/elements/experimental/concentration, 1.0
1439665441.635459, /muse/elements/experimental/concentration, 1.0
1439665441.710018, /muse/elements/experimental/concentration, 1.0
1439665441.851997, /muse/elements/experimental/concentration, 1.0
1439665441.933553, /muse/elements/experimental/concentration, 1.0
1439665442.002248, /muse/elements/experimental/concentration, 1.0
1439665442.146871, /muse/elements/experimental/concentration, 1.0
1439665442.225038, /muse/elements/experimental/concentration, 1.0
1439665442.301757, /muse/elements/experimental/concentration, 1.0
1439665442.444941, /muse/elements/experimental/concentration, 1.0
1439665442.509936, /muse/elements/experimental/concentration, 1.0
1439665442.697038, /muse/elements/experimental/concentration, 1.0
1439665442.733121, /muse/elements/experimental/concentration, 1.0
1439665442.806263, /muse/elements/experimental/concentration, 1.0
1439665442.953805, /muse/elements/experimental/concentration, 1.0
1439665443.023243, /muse/elements/experimental/concentration, 1.0
1439665443.097730, /muse/elements/experimental/concentration, 1.0
1439665443.249966, /muse/elements/experimental/concentration, 1.0
1439665443.333325, /muse/elements/experimental/concentration, 1.0
1439665443.393735, /muse/elements/experimental/concentration, 1.0
1439665443.536399, /muse/elements/experimental/concentration, 1.0
1439665443.609697, /muse/elements/experimental/concentration, 1.0
1439665443.753502, /muse/elements/experimental/concentration, 1.0
1439665443.827962, /muse/elements/experimental/concentration, 1.0
1439665443.906769, /muse/elements/experimental/concentration, 1.0
1439665444.047316, /muse/elements/experimental/concentration, 1.0
1439665444.127788, /muse/elements/experimental/concentration, 1.0
1439665444.195221, /muse/elements/experimental/concentration, 1.0
1439665444.344499, /muse/elements/experimental/concentration, 1.0
1439665444.415080, /muse/elements/experimental/concentration, 1.0
1439665444.491523, /muse/elements/experimental/concentration, 1.0
1439665444.635170, /muse/elements/experimental/concentration, 1.0
1439665444.711078, /muse/elements/experimental/concentration, 1.0
1439665444.854216, /muse/elements/experimental/concentration, 1.0
1439665444.926142, /muse/elements/experimental/concentration, 1.0
1439665444.999823, /muse/elements/experimental/concentration, 1.0
1439665445.149039, /muse/elements/experimental/concentration, 1.0
1439665445.257247, /muse/elements/experimental/concentration, 1.0
1439665445.298594, /muse/elements/experimental/concentration, 1.0
1439665445.438078, /muse/elements/experimental/concentration, 1.0
1439665445.518257, /muse/elements/experimental/concentration, 1.0
1439665445.589381, /muse/elements/experimental/concentration, 1.0
1439665445.737380, /muse/elements/experimental/concentration, 1.0
1439665445.811256, /muse/elements/experimental/concentration, 1.0
1439665445.950115, /muse/elements/experimental/concentration, 1.0
1439665446.026320, /muse/elements/experimental/concentration, 1.0
1439665446.099849, /muse/elements/experimental/concentration, 1.0
1439665446.246540, /muse/elements/experimental/concentration, 1.0
1439665446.333345, /muse/elements/experimental/concentration, 1.0
1439665446.391946, /muse/elements/experimental/concentration, 1.0
1439665446.540104, /muse/elements/experimental/concentration, 1.0
1439665446.608401, /muse/elements/experimental/concentration, 1.0
1439665446.757827, /muse/elements/experimental/concentration, 1.0
1439665446.833112, /muse/elements/experimental/concentration, 1.0
1439665446.904765, /muse/elements/experimental/concentration, 1.0
1439665447.049457, /muse/elements/experimental/concentration, 1.0
1439665447.121388, /muse/elements/experimental/concentration, 1.0
1439665447.197747, /muse/elements/experimental/concentration, 1.0
1439665447.344550, /muse/elements/experimental/concentration, 1.0
1439665447.417219, /muse/elements/experimental/concentration, 1.0
1439665447.494249, /muse/elements/experimental/concentration, 1.0
1439665447.643012, /muse/elements/experimental/concentration, 1.0
1439665447.708438, /muse/elements/experimental/concentration, 1.0
1439665447.854155, /muse/elements/experimental/concentration, 1.0
1439665447.930855, /muse/elements/experimental/concentration, 1.0
1439665448.006719, /muse/elements/experimental/concentration, 1.0
1439665448.146934, /muse/elements/experimental/concentration, 1.0
1439665448.223855, /muse/elements/experimental/concentration, 1.0
1439665448.296048, /muse/elements/experimental/concentration, 1.0
1439665448.454867, /muse/elements/experimental/concentration, 1.0
1439665448.513538, /muse/elements/experimental/concentration, 1.0
1439665448.589783, /muse/elements/experimental/concentration, 1.0
1439665448.733359, /muse/elements/experimental/concentration, 1.0
1439665448.809159, /muse/elements/experimental/concentration, 1.0
1439665448.957106, /muse/elements/experimental/concentration, 1.0
1439665449.026801, /muse/elements/experimental/concentration, 1.0
1439665449.100849, /muse/elements/experimental/concentration, 1.0
1439665449.253916, /muse/elements/experimental/concentration, 1.0
1439665449.318640, /muse/elements/experimental/concentration, 1.0
1439665449.391478, /muse/elements/experimental/concentration, 1.0
1439665449.535839, /muse/elements/experimental/concentration, 1.0
1439665449.616239, /muse/elements/experimental/concentration, 1.0
1439665449.688311, /muse/elements/experimental/concentration, 1.0
1439665449.836134, /muse/elements/experimental/concentration, 1.0
1439665449.906321, /muse/elements/experimental/concentration, 1.0
1439665450.051827, /muse/elements/experimental/concentration, 1.0
1439665450.124784, /muse/elements/experimental/concentration, 1.0
1439665450.195291, /muse/elements/experimental/concentration, 1.0
1439665450.374122, /muse/elements/experimental/concentration, 1.0
1439665450.423590, /muse/elements/experimental/concentration, 1.0
1439665450.490692, /muse/elements/experimental/concentration, 1.0
1439665450.634298, /muse/elements/experimental/concentration, 1.0
1439665450.712266, /muse/elements/experimental/concentration, 1.0
1439665450.783947, /muse/elements/experimental/concentration, 1.0
1439665450.930380, /muse/elements/experimental/concentration, 1.0
1439665451.014562, /muse/elements/experimental/concentration, 1.0
1439665451.148749, /muse/elements/experimental/concentration, 1.0
1439665451.225389, /muse/elements/experimental/concentration, 1.0
1439665451.294092, /muse/elements/experimental/concentration, 1.0
1439665451.438823, /muse/elements/experimental/concentration, 1.0
1439665451.517880, /muse/elements/experimental/concentration, 1.0
1439665451.590594, /muse/elements/experimental/concentration, 1.0
1439665451.733605, /muse/elements/experimental/concentration, 1.0
1439665451.807404, /muse/elements/experimental/concentration, 1.0
1439665451.882852, /muse/elements/experimental/concentration, 1.0
1439665452.027563, /muse/elements/experimental/concentration, 1.0
1439665452.102390, /muse/elements/experimental/concentration, 1.0
1439665452.246970, /muse/elements/experimental/concentration, 1.0
1439665452.318151, /muse/elements/experimental/concentration, 1.0
1439665452.392295, /muse/elements/experimental/concentration, 1.0
1439665452.540566, /muse/elements/experimental/concentration, 1.0
1439665452.614095, /muse/elements/experimental/concentration, 1.0
1439665452.694876, /muse/elements/experimental/concentration, 1.0
1439665452.832160, /muse/elements/experimental/concentration, 1.0
1439665452.939058, /muse/elements/experimental/concentration, 1.0
1439665452.978203, /muse/elements/experimental/concentration, 1.0
1439665453.125480, /muse/elements/experimental/concentration, 1.0
1439665453.195137, /muse/elements/experimental/concentration, 1.0
1439665453.344297, /muse/elements/experimental/concentration, 1.0
1439665453.417449, /muse/elements/experimental/concentration, 1.0
1439665453.491801, /muse/elements/experimental/concentration, 1.0
1439665453.637888, /muse/elements/experimental/concentration, 1.0
1439665453.708849, /muse/elements/experimental/concentration, 1.0
1439665453.785746, /muse/elements/experimental/concentration, 1.0
1439665453.942207, /muse/elements/experimental/concentration, 1.0
1439665454.004137, /muse/elements/experimental/concentration, 1.0
1439665454.077578, /muse/elements/experimental/concentration, 1.0
1439665454.221955, /muse/elements/experimental/concentration, 1.0
1439665454.294875, /muse/elements/experimental/concentration, 1.0
1439665454.466630, /muse/elements/experimental/concentration, 1.0
1439665454.514227, /muse/elements/experimental/concentration, 1.0
1439665454.594651, /muse/elements/experimental/concentration, 0.987854540348
1439665454.734773, /muse/elements/experimental/concentration, 0.975709080696
1439665454.811729, /muse/elements/experimental/concentration, 0.964054822922
1439665454.891172, /muse/elements/experimental/concentration, 0.95190936327
1439665455.031165, /muse/elements/experimental/concentration, 0.939763903618
1439665455.101720, /muse/elements/experimental/concentration, 0.928731799126
1439665455.174714, /muse/elements/experimental/concentration, 0.918256342411
1439665455.319232, /muse/elements/experimental/concentration, 0.918256342411
1439665455.393910, /muse/elements/experimental/concentration, 0.918256342411
1439665455.536910, /muse/elements/experimental/concentration, 0.918256342411
1439665455.620888, /muse/elements/experimental/concentration, 0.918256342411
1439665455.689306, /muse/elements/experimental/concentration, 0.918256342411
1439665455.838929, /muse/elements/experimental/concentration, 0.918256342411
1439665455.905996, /muse/elements/experimental/concentration, 0.918256342411
1439665455.980309, /muse/elements/experimental/concentration, 0.918256342411
1439665456.135162, /muse/elements/experimental/concentration, 0.918256342411
1439665456.204678, /muse/elements/experimental/concentration, 0.918256342411
1439665456.274410, /muse/elements/experimental/concentration, 0.906945884228
1439665456.422146, /muse/elements/experimental/concentration, 0.895635426044
1439665456.491832, /muse/elements/experimental/concentration, 0.883489966393
1439665456.641153, /muse/elements/experimental/concentration, 0.871344506741
1439665456.708508, /muse/elements/experimental/concentration, 0.859199047089
1439665456.791638, /muse/elements/experimental/concentration, 0.847053587437
1439665456.928910, /muse/elements/experimental/concentration, 0.834908127785
1439665457.005820, /muse/elements/experimental/concentration, 0.822762668133
1439665457.075663, /muse/elements/experimental/concentration, 0.810617208481
1439665457.223016, /muse/elements/experimental/concentration, 0.798471808434
1439665457.296828, /muse/elements/experimental/concentration, 0.786326348782
1439665457.375254, /muse/elements/experimental/concentration, 0.77418088913
1439665457.514660, /muse/elements/experimental/concentration, 0.762035429478
1439665457.602769, /muse/elements/experimental/concentration, 0.749889969826
1439665457.733402, /muse/elements/experimental/concentration, 0.737744510174
1439665457.811454, /muse/elements/experimental/concentration, 0.725599050522
1439665457.890802, /muse/elements/experimental/concentration, 0.71345359087
1439665458.055531, /muse/elements/experimental/concentration, 0.701308131218
1439665458.101625, /muse/elements/experimental/concentration, 0.689162671566
1439665458.176192, /muse/elements/experimental/concentration, 0.677017211914
1439665458.322815, /muse/elements/experimental/concentration, 0.664871811867
1439665458.396152, /muse/elements/experimental/concentration, 0.652726352215
1439665458.478774, /muse/elements/experimental/concentration, 0.640580892563
1439665458.622591, /muse/elements/experimental/concentration, 0.628435432911
1439665458.725806, /muse/elements/experimental/concentration, 0.616289973259
1439665458.831626, /muse/elements/experimental/concentration, 0.604144513607
1439665458.914214, /muse/elements/experimental/concentration, 0.591999053955
1439665458.979533, /muse/elements/experimental/concentration, 0.579853594303
1439665459.131629, /muse/elements/experimental/concentration, 0.567708134651
1439665459.200652, /muse/elements/experimental/concentration, 0.555562674999
1439665459.277512, /muse/elements/experimental/concentration, 0.543417215347
1439665459.423060, /muse/elements/experimental/concentration, 0.543417215347
1439665459.517437, /muse/elements/experimental/concentration, 0.543417215347
1439665459.638404, /muse/elements/experimental/concentration, 0.543417215347
1439665459.727383, /muse/elements/experimental/concentration, 0.543417215347
1439665459.784023, /muse/elements/experimental/concentration, 0.543417215347
1439665459.975829, /muse/elements/experimental/concentration, 0.543417215347
1439665460.017924, /muse/elements/experimental/concentration, 0.543417215347
1439665460.089392, /muse/elements/experimental/concentration, 0.543417215347
1439665460.233331, /muse/elements/experimental/concentration, 0.543417215347
1439665460.302292, /muse/elements/experimental/concentration, 0.543417215347
1439665460.382718, /muse/elements/experimental/concentration, 0.543417215347
1439665460.517134, /muse/elements/experimental/concentration, 0.543417215347
1439665460.655810, /muse/elements/experimental/concentration, 0.543417215347
1439665460.757838, /muse/elements/experimental/concentration, 0.543417215347
1439665460.812398, /muse/elements/experimental/concentration, 0.543417215347
1439665460.896161, /muse/elements/experimental/concentration, 0.543417215347
1439665461.035013, /muse/elements/experimental/concentration, 0.543417215347
1439665461.113258, /muse/elements/experimental/concentration, 0.543417215347
1439665461.179632, /muse/elements/experimental/concentration, 0.543417215347
1439665461.328010, /muse/elements/experimental/concentration, 0.543417215347
1439665461.400366, /muse/elements/experimental/concentration, 0.543417215347
1439665461.469962, /muse/elements/experimental/concentration, 0.543417215347
1439665461.626691, /muse/elements/experimental/concentration, 0.543417215347
1439665461.694091, /muse/elements/experimental/concentration, 0.543417215347
1439665461.846171, /muse/elements/experimental/concentration, 0.543417215347
1439665461.912885, /muse/elements/experimental/concentration, 0.543417215347
1439665461.993296, /muse/elements/experimental/concentration, 0.543417215347
1439665462.126753, /muse/elements/experimental/concentration, 0.543417215347
1439665462.205275, /muse/elements/experimental/concentration, 0.543417215347
1439665462.275156, /muse/elements/experimental/concentration, 0.543417215347
1439665462.435347, /muse/elements/experimental/concentration, 0.543417215347
1439665462.491413, /muse/elements/experimental/concentration, 0.543417215347
1439665462.564304, /muse/elements/experimental/concentration, 0.543417215347
1439665462.723607, /muse/elements/experimental/concentration, 0.543417215347
1439665462.786495, /muse/elements/experimental/concentration, 0.543417215347
1439665462.931388, /muse/elements/experimental/concentration, 0.543417215347
1439665463.009741, /muse/elements/experimental/concentration, 0.543417215347
1439665463.080609, /muse/elements/experimental/concentration, 0.543417215347
1439665463.237966, /muse/elements/experimental/concentration, 0.543417215347
1439665463.299431, /muse/elements/experimental/concentration, 0.543417215347
1439665463.381471, /muse/elements/experimental/concentration, 0.543417215347
1439665463.536890, /muse/elements/experimental/concentration, 0.543417215347
1439665463.590818, /muse/elements/experimental/concentration, 0.543417215347
1439665463.669283, /muse/elements/experimental/concentration, 0.543417215347
1439665463.817036, /muse/elements/experimental/concentration, 0.543417215347
1439665463.890347, /muse/elements/experimental/concentration, 0.543417215347
1439665464.030492, /muse/elements/experimental/concentration, 0.543417215347
1439665464.105106, /muse/elements/experimental/concentration, 0.543417215347
1439665464.179823, /muse/elements/experimental/concentration, 0.543417215347
1439665464.329037, /muse/elements/experimental/concentration, 0.543417215347
1439665464.409801, /muse/elements/experimental/concentration, 0.543417215347
1439665464.491530, /muse/elements/experimental/concentration, 0.543417215347
1439665464.618883, /muse/elements/experimental/concentration, 0.543417215347
1439665464.690567, /muse/elements/experimental/concentration, 0.543417215347
1439665464.765708, /muse/elements/experimental/concentration, 0.543417215347
1439665464.908114, /muse/elements/experimental/concentration, 0.543417215347
1439665464.984808, /muse/elements/experimental/concentration, 0.543417215347
1439665465.132360, /muse/elements/experimental/concentration, 0.543417215347
1439665465.204039, /muse/elements/experimental/concentration, 0.543417215347
1439665465.279148, /muse/elements/experimental/concentration, 0.543417215347
1439665465.429956, /muse/elements/experimental/concentration, 0.543417215347
1439665465.492738, /muse/elements/experimental/concentration, 0.543417215347
1439665465.577001, /muse/elements/experimental/concentration, 0.543417215347
1439665465.736511, /muse/elements/experimental/concentration, 0.543417215347
1439665465.784450, /muse/elements/experimental/concentration, 0.543417215347
1439665465.863323, /muse/elements/experimental/concentration, 0.543417215347
1439665466.006482, /muse/elements/experimental/concentration, 0.543417215347
1439665466.080538, /muse/elements/experimental/concentration, 0.543417215347
1439665466.227058, /muse/elements/experimental/concentration, 0.543417215347
1439665466.302086, /muse/elements/experimental/concentration, 0.543417215347
1439665466.386511, /muse/elements/experimental/concentration, 0.543417215347
1439665466.516418, /muse/elements/experimental/concentration, 0.543417215347
1439665466.598685, /muse/elements/experimental/concentration, 0.543417215347
1439665466.665024, /muse/elements/experimental/concentration, 0.543417215347
1439665466.817647, /muse/elements/experimental/concentration, 0.543417215347
1439665466.894921, /muse/elements/experimental/concentration, 0.543417215347
1439665466.958886, /muse/elements/experimental/concentration, 0.543417215347
1439665467.107248, /muse/elements/experimental/concentration, 0.543417215347
1439665467.175823, /muse/elements/experimental/concentration, 0.543417215347
1439665467.325275, /muse/elements/experimental/concentration, 0.543417215347
1439665467.400935, /muse/elements/experimental/concentration, 0.543417215347
1439665467.472636, /muse/elements/experimental/concentration, 0.543417215347
1439665467.617858, /muse/elements/experimental/concentration, 0.543417215347
1439665467.691152, /muse/elements/experimental/concentration, 0.543417215347
1439665467.761775, /muse/elements/experimental/concentration, 0.543417215347
1439665467.911280, /muse/elements/experimental/concentration, 0.543417215347
1439665467.984680, /muse/elements/experimental/concentration, 0.543417215347
1439665468.056893, /muse/elements/experimental/concentration, 0.543417215347
1439665468.200827, /muse/elements/experimental/concentration, 0.543417215347
1439665468.297241, /muse/elements/experimental/concentration, 0.543417215347
1439665468.418396, /muse/elements/experimental/concentration, 0.543417215347
1439665468.504880, /muse/elements/experimental/concentration, 0.543417215347
1439665468.586195, /muse/elements/experimental/concentration, 0.543417215347
1439665468.713587, /muse/elements/experimental/concentration, 0.543417215347
1439665468.788747, /muse/elements/experimental/concentration, 0.543417215347
1439665468.862698, /muse/elements/experimental/concentration, 0.543417215347
1439665469.009013, /muse/elements/experimental/concentration, 0.543417215347
1439665469.082784, /muse/elements/experimental/concentration, 0.543417215347
1439665469.158112, /muse/elements/experimental/concentration, 0.543417215347
1439665469.301039, /muse/elements/experimental/concentration, 0.543417215347
1439665469.372801, /muse/elements/experimental/concentration, 0.543417215347
1439665469.520663, /muse/elements/experimental/concentration, 0.543417215347
1439665469.591688, /muse/elements/experimental/concentration, 0.543417215347
1439665469.671398, /muse/elements/experimental/concentration, 0.543417215347
1439665469.815427, /muse/elements/experimental/concentration, 0.543417215347
1439665469.886365, /muse/elements/experimental/concentration, 0.543417215347
1439665469.959865, /muse/elements/experimental/concentration, 0.543417215347
1439665470.104015, /muse/elements/experimental/concentration, 0.543417215347
1439665470.178711, /muse/elements/experimental/concentration, 0.543417215347
1439665470.256086, /muse/elements/experimental/concentration, 0.543417215347
1439665470.396663, /muse/elements/experimental/concentration, 0.543417215347
1439665470.472896, /muse/elements/experimental/concentration, 0.543417215347
1439665470.617373, /muse/elements/experimental/concentration, 0.543417215347
1439665470.691866, /muse/elements/experimental/concentration, 0.543417215347
1439665470.770068, /muse/elements/experimental/concentration, 0.543417215347
1439665470.918279, /muse/elements/experimental/concentration, 0.543417215347
1439665470.983675, /muse/elements/experimental/concentration, 0.543417215347
1439665471.059237, /muse/elements/experimental/concentration, 0.543417215347
1439665471.207247, /muse/elements/experimental/concentration, 0.543417215347
1439665471.280933, /muse/elements/experimental/concentration, 0.543417215347
1439665471.350197, /muse/elements/experimental/concentration, 0.543417215347
1439665471.510523, /muse/elements/experimental/concentration, 0.543417215347
1439665471.573263, /muse/elements/experimental/concentration, 0.543417215347
1439665471.716885, /muse/elements/experimental/concentration, 0.543417215347
1439665471.787640, /muse/elements/experimental/concentration, 0.543417215347
1439665471.873101, /muse/elements/experimental/concentration, 0.543417215347
1439665472.010921, /muse/elements/experimental/concentration, 0.543417215347
1439665472.083331, /muse/elements/experimental/concentration, 0.543417215347
1439665472.159861, /muse/elements/experimental/concentration, 0.543417215347
1439665472.301512, /muse/elements/experimental/concentration, 0.543417215347
1439665472.373583, /muse/elements/experimental/concentration, 0.543417215347
1439665472.522220, /muse/elements/experimental/concentration, 0.543417215347
1439665472.602175, /muse/elements/experimental/concentration, 0.543417215347
1439665472.666903, /muse/elements/experimental/concentration, 0.543417215347
1439665472.811923, /muse/elements/experimental/concentration, 0.543417215347
1439665472.889331, /muse/elements/experimental/concentration, 0.543417215347
1439665472.958994, /muse/elements/experimental/concentration, 0.543417215347
1439665473.107765, /muse/elements/experimental/concentration, 0.543417215347
1439665473.181841, /muse/elements/experimental/concentration, 0.543417215347
1439665473.254763, /muse/elements/experimental/concentration, 0.543417215347
1439665473.415631, /muse/elements/experimental/concentration, 0.543417215347
1439665473.475292, /muse/elements/experimental/concentration, 0.543417215347
1439665473.617510, /muse/elements/experimental/concentration, 0.543417215347
1439665473.690724, /muse/elements/experimental/concentration, 0.543417215347
1439665473.768901, /muse/elements/experimental/concentration, 0.543417215347
1439665473.911119, /muse/elements/experimental/concentration, 0.543417215347
1439665473.987427, /muse/elements/experimental/concentration, 0.543417215347
1439665474.065685, /muse/elements/experimental/concentration, 0.543417215347
1439665474.200883, /muse/elements/experimental/concentration, 0.543417215347
1439665474.282976, /muse/elements/experimental/concentration, 0.543417215347
1439665474.352750, /muse/elements/experimental/concentration, 0.543417215347
1439665474.502615, /muse/elements/experimental/concentration, 0.543417215347
1439665474.571714, /muse/elements/experimental/concentration, 0.543417215347
1439665474.715981, /muse/elements/experimental/concentration, 0.543417215347
1439665474.786837, /muse/elements/experimental/concentration, 0.543417215347
1439665474.867205, /muse/elements/experimental/concentration, 0.543417215347
1439665475.011562, /muse/elements/experimental/concentration, 0.543417215347
1439665475.083323, /muse/elements/experimental/concentration, 0.543417215347
1439665475.161907, /muse/elements/experimental/concentration, 0.543417215347
1439665475.303015, /muse/elements/experimental/concentration, 0.543417215347
1439665475.374816, /muse/elements/experimental/concentration, 0.543417215347
1439665475.447856, /muse/elements/experimental/concentration, 0.543417215347
1439665475.596008, /muse/elements/experimental/concentration, 0.543417215347
1439665475.675032, /muse/elements/experimental/concentration, 0.543417215347
1439665475.814184, /muse/elements/experimental/concentration, 0.543417215347
1439665475.885656, /muse/elements/experimental/concentration, 0.543417215347
1439665475.976683, /muse/elements/experimental/concentration, 0.543417215347
1439665476.108771, /muse/elements/experimental/concentration, 0.543417215347
1439665476.183957, /muse/elements/experimental/concentration, 0.543417215347
1439665476.260944, /muse/elements/experimental/concentration, 0.543417215347
1439665476.400782, /muse/elements/experimental/concentration, 0.543417215347
1439665476.470813, /muse/elements/experimental/concentration, 0.543417215347
1439665476.547572, /muse/elements/experimental/concentration, 0.543417215347
1439665476.703234, /muse/elements/experimental/concentration, 0.543417215347
1439665476.768544, /muse/elements/experimental/concentration, 0.543417215347
1439665476.918915, /muse/elements/experimental/concentration, 0.543417215347
1439665476.984029, /muse/elements/experimental/concentration, 0.543417215347
1439665477.059070, /muse/elements/experimental/concentration, 0.543417215347
1439665477.203043, /muse/elements/experimental/concentration, 0.543417215347
1439665477.281344, /muse/elements/experimental/concentration, 0.543417215347
1439665477.353860, /muse/elements/experimental/concentration, 0.543417215347
1439665477.500748, /muse/elements/experimental/concentration, 0.543417215347
1439665477.573602, /muse/elements/experimental/concentration, 0.543417215347
1439665477.646403, /muse/elements/experimental/concentration, 0.543417215347
1439665477.789277, /muse/elements/experimental/concentration, 0.543417215347
1439665477.866131, /muse/elements/experimental/concentration, 0.543417215347
1439665478.008875, /muse/elements/experimental/concentration, 0.543417215347
1439665478.085400, /muse/elements/experimental/concentration, 0.543417215347
1439665478.159904, /muse/elements/experimental/concentration, 0.543417215347
1439665478.301369, /muse/elements/experimental/concentration, 0.543417215347
1439665478.377210, /muse/elements/experimental/concentration, 0.543417215347
1439665478.452750, /muse/elements/experimental/concentration, 0.543417215347
1439665478.595874, /muse/elements/experimental/concentration, 0.543417215347
1439665478.668098, /muse/elements/experimental/concentration, 0.543417215347
1439665478.743612, /muse/elements/experimental/concentration, 0.543417215347
1439665478.885585, /muse/elements/experimental/concentration, 0.543417215347
1439665478.963286, /muse/elements/experimental/concentration, 0.543417215347
1439665479.108350, /muse/elements/experimental/concentration, 0.543417215347
1439665479.182270, /muse/elements/experimental/concentration, 0.543417215347
1439665479.255124, /muse/elements/experimental/concentration, 0.543417215347
1439665479.400235, /muse/elements/experimental/concentration, 0.543417215347
1439665479.475914, /muse/elements/experimental/concentration, 0.543417215347
1439665479.549261, /muse/elements/experimental/concentration, 0.543417215347
1439665479.699043, /muse/elements/experimental/concentration, 0.543417215347
1439665479.768443, /muse/elements/experimental/concentration, 0.543417215347
1439665479.841641, /muse/elements/experimental/concentration, 0.543417215347
1439665479.986536, /muse/elements/experimental/concentration, 0.543417215347
1439665480.058960, /muse/elements/experimental/concentration, 0.543417215347
1439665480.210374, /muse/elements/experimental/concentration, 0.543417215347
1439665480.283140, /muse/elements/experimental/concentration, 0.543417215347
1439665480.355127, /muse/elements/experimental/concentration, 0.543417215347
1439665480.503420, /muse/elements/experimental/concentration, 0.543417215347
1439665480.578307, /muse/elements/experimental/concentration, 0.543417215347
1439665480.643656, /muse/elements/experimental/concentration, 0.543417215347
1439665480.794888, /muse/elements/experimental/concentration, 0.543417215347
1439665480.871664, /muse/elements/experimental/concentration, 0.543417215347
1439665480.939123, /muse/elements/experimental/concentration, 0.543417215347
1439665481.102029, /muse/elements/experimental/concentration, 0.543417215347
1439665481.159133, /muse/elements/experimental/concentration, 0.543417215347
1439665481.302591, /muse/elements/experimental/concentration, 0.543417215347
1439665481.379136, /muse/elements/experimental/concentration, 0.543417215347
1439665481.459284, /muse/elements/experimental/concentration, 0.543417215347
1439665481.599251, /muse/elements/experimental/concentration, 0.543417215347
1439665481.671114, /muse/elements/experimental/concentration, 0.543417215347
1439665481.743380, /muse/elements/experimental/concentration, 0.543417215347
1439665481.887655, /muse/elements/experimental/concentration, 0.543417215347
1439665481.964428, /muse/elements/experimental/concentration, 0.543417215347
1439665482.036984, /muse/elements/experimental/concentration, 0.543417215347
1439665482.186034, /muse/elements/experimental/concentration, 0.543417215347
1439665482.264508, /muse/elements/experimental/concentration, 0.543417215347
1439665482.404201, /muse/elements/experimental/concentration, 0.543417215347
1439665482.473770, /muse/elements/experimental/concentration, 0.543417215347
1439665482.563265, /muse/elements/experimental/concentration, 0.543417215347
1439665482.695850, /muse/elements/experimental/concentration, 0.543417215347
1439665482.767441, /muse/elements/experimental/concentration, 0.543417215347
1439665482.842395, /muse/elements/experimental/concentration, 0.543417215347
1439665483.014340, /muse/elements/experimental/concentration, 0.543417215347
1439665483.064540, /muse/elements/experimental/concentration, 0.543417215347
1439665483.137868, /muse/elements/experimental/concentration, 0.543417215347
1439665483.294477, /muse/elements/experimental/concentration, 0.543417215347
1439665483.358654, /muse/elements/experimental/concentration, 0.543417215347
1439665483.500723, /muse/elements/experimental/concentration, 0.543417215347
1439665483.571158, /muse/elements/experimental/concentration, 0.543417215347
1439665483.683548, /muse/elements/experimental/concentration, 0.543417215347
1439665483.795110, /muse/elements/experimental/concentration, 0.543417215347
1439665483.871521, /muse/elements/experimental/concentration, 0.543417215347
1439665483.942983, /muse/elements/experimental/concentration, 0.543417215347
1439665484.083661, /muse/elements/experimental/concentration, 0.543417215347
1439665484.157676, /muse/elements/experimental/concentration, 0.543417215347
1439665484.229780, /muse/elements/experimental/concentration, 0.543417215347
1439665484.384210, /muse/elements/experimental/concentration, 0.543417215347
1439665484.454545, /muse/elements/experimental/concentration, 0.543417215347
1439665484.600260, /muse/elements/experimental/concentration, 0.543417215347
1439665484.668674, /muse/elements/experimental/concentration, 0.543417215347
1439665484.748032, /muse/elements/experimental/concentration, 0.543417215347
1439665484.892493, /muse/elements/experimental/concentration, 0.543417215347
1439665484.969001, /muse/elements/experimental/concentration, 0.543417215347
1439665485.043789, /muse/elements/experimental/concentration, 0.543417215347
1439665485.189293, /muse/elements/experimental/concentration, 0.543417215347
1439665485.259061, /muse/elements/experimental/concentration, 0.543417215347
1439665485.399428, /muse/elements/experimental/concentration, 0.543417215347
1439665485.477509, /muse/elements/experimental/concentration, 0.543417215347
1439665485.574696, /muse/elements/experimental/concentration, 0.543417215347
1439665485.697719, /muse/elements/experimental/concentration, 0.543417215347
1439665485.768030, /muse/elements/experimental/concentration, 0.543417215347
1439665485.855072, /muse/elements/experimental/concentration, 0.543417215347
1439665485.987603, /muse/elements/experimental/concentration, 0.543417215347
1439665486.062985, /muse/elements/experimental/concentration, 0.543417215347
1439665486.141878, /muse/elements/experimental/concentration, 0.543417215347
1439665486.280077, /muse/elements/experimental/concentration, 0.543417215347
1439665486.354001, /muse/elements/experimental/concentration, 0.543417215347
1439665486.497932, /muse/elements/experimental/concentration, 0.543417215347
1439665486.580681, /muse/elements/experimental/concentration, 0.543417215347
1439665486.649179, /muse/elements/experimental/concentration, 0.543417215347
1439665486.798578, /muse/elements/experimental/concentration, 0.543417215347
1439665486.882683, /muse/elements/experimental/concentration, 0.543417215347
1439665486.945959, /muse/elements/experimental/concentration, 0.543417215347
1439665487.096330, /muse/elements/experimental/concentration, 0.543417215347
1439665487.165883, /muse/elements/experimental/concentration, 0.543417215347
1439665487.235494, /muse/elements/experimental/concentration, 0.543417215347
1439665487.378682, /muse/elements/experimental/concentration, 0.543417215347
1439665487.454969, /muse/elements/experimental/concentration, 0.543417215347
1439665487.597596, /muse/elements/experimental/concentration, 0.543417215347
1439665487.670394, /muse/elements/experimental/concentration, 0.543417215347
1439665487.745559, /muse/elements/experimental/concentration, 0.543417215347
1439665487.894351, /muse/elements/experimental/concentration, 0.543417215347
1439665487.965368, /muse/elements/experimental/concentration, 0.543417215347
1439665488.045654, /muse/elements/experimental/concentration, 0.543417215347
1439665488.182316, /muse/elements/experimental/concentration, 0.543417215347
1439665488.257132, /muse/elements/experimental/concentration, 0.543417215347
1439665488.335180, /muse/elements/experimental/concentration, 0.543417215347
1439665488.482836, /muse/elements/experimental/concentration, 0.543417215347
1439665488.553154, /muse/elements/experimental/concentration, 0.543417215347
1439665488.696749, /muse/elements/experimental/concentration, 0.543417215347
1439665488.803511, /muse/elements/experimental/concentration, 0.543417215347
1439665488.843749, /muse/elements/experimental/concentration, 0.543417215347
1439665488.994638, /muse/elements/experimental/concentration, 0.543417215347
1439665489.064519, /muse/elements/experimental/concentration, 0.543417215347
1439665489.145880, /muse/elements/experimental/concentration, 0.543417215347
1439665489.283693, /muse/elements/experimental/concentration, 0.543417215347
1439665489.357640, /muse/elements/experimental/concentration, 0.543417215347
1439665489.441005, /muse/elements/experimental/concentration, 0.543417215347
1439665489.577532, /muse/elements/experimental/concentration, 0.543417215347
1439665489.651426, /muse/elements/experimental/concentration, 0.543417215347
1439665489.800866, /muse/elements/experimental/concentration, 0.543417215347
1439665489.868064, /muse/elements/experimental/concentration, 0.543417215347
1439665489.940456, /muse/elements/experimental/concentration, 0.543417215347
1439665490.087482, /muse/elements/experimental/concentration, 0.543417215347
1439665490.162712, /muse/elements/experimental/concentration, 0.543417215347
1439665490.236304, /muse/elements/experimental/concentration, 0.543417215347
1439665490.380484, /muse/elements/experimental/concentration, 0.543417215347
1439665490.453080, /muse/elements/experimental/concentration, 0.543417215347
1439665490.526606, /muse/elements/experimental/concentration, 0.543417215347
1439665490.695706, /muse/elements/experimental/concentration, 0.543417215347
1439665490.748592, /muse/elements/experimental/concentration, 0.543417215347
1439665490.893419, /muse/elements/experimental/concentration, 0.543417215347
1439665490.966491, /muse/elements/experimental/concentration, 0.543417215347
1439665491.039781, /muse/elements/experimental/concentration, 0.543417215347
1439665491.183342, /muse/elements/experimental/concentration, 0.543417215347
1439665491.257800, /muse/elements/experimental/concentration, 0.543417215347
1439665491.365416, /muse/elements/experimental/concentration, 0.543417215347
1439665491.478057, /muse/elements/experimental/concentration, 0.543417215347
1439665491.558274, /muse/elements/experimental/concentration, 0.543417215347
1439665491.630434, /muse/elements/experimental/concentration, 0.543417215347
1439665491.768657, /muse/elements/experimental/concentration, 0.543417215347
1439665491.844732, /muse/elements/experimental/concentration, 0.543417215347
1439665492.006996, /muse/elements/experimental/concentration, 0.543417215347
1439665492.066415, /muse/elements/experimental/concentration, 0.543417215347
1439665492.137327, /muse/elements/experimental/concentration, 0.543417215347
1439665492.285498, /muse/elements/experimental/concentration, 0.543417215347
1439665492.356933, /muse/elements/experimental/concentration, 0.543417215347
1439665492.435276, /muse/elements/experimental/concentration, 0.543417215347
1439665492.577007, /muse/elements/experimental/concentration, 0.543417215347
1439665492.654826, /muse/elements/experimental/concentration, 0.543417215347
1439665492.724838, /muse/elements/experimental/concentration, 0.543417215347
1439665492.868121, /muse/elements/experimental/concentration, 0.543417215347
1439665492.952976, /muse/elements/experimental/concentration, 0.543417215347
1439665493.088980, /muse/elements/experimental/concentration, 0.543417215347
1439665493.164656, /muse/elements/experimental/concentration, 0.543417215347
1439665493.255428, /muse/elements/experimental/concentration, 0.543417215347
1439665493.383034, /muse/elements/experimental/concentration, 0.543417215347
1439665493.459287, /muse/elements/experimental/concentration, 0.543417215347
1439665493.528241, /muse/elements/experimental/concentration, 0.543417215347
1439665493.676300, /muse/elements/experimental/concentration, 0.543417215347
1439665493.748719, /muse/elements/experimental/concentration, 0.543417215347
1439665493.823190, /muse/elements/experimental/concentration, 0.543417215347
1439665493.981131, /muse/elements/experimental/concentration, 0.543417215347
1439665494.040207, /muse/elements/experimental/concentration, 0.543417215347
1439665494.184767, /muse/elements/experimental/concentration, 0.543417215347
1439665494.268325, /muse/elements/experimental/concentration, 0.543417215347
1439665494.335876, /muse/elements/experimental/concentration, 0.543417215347
1439665494.478089, /muse/elements/experimental/concentration, 0.543417215347
1439665494.553824, /muse/elements/experimental/concentration, 0.543417215347
1439665494.627725, /muse/elements/experimental/concentration, 0.543417215347
1439665494.771999, /muse/elements/experimental/concentration, 0.543417215347
1439665494.857193, /muse/elements/experimental/concentration, 0.543417215347
1439665494.920218, /muse/elements/experimental/concentration, 0.543417215347
1439665495.075378, /muse/elements/experimental/concentration, 0.543417215347
1439665495.138427, /muse/elements/experimental/concentration, 0.543417215347
1439665495.289757, /muse/elements/experimental/concentration, 0.543417215347
1439665495.356686, /muse/elements/experimental/concentration, 0.543417215347
1439665495.432002, /muse/elements/experimental/concentration, 0.543417215347
1439665495.577284, /muse/elements/experimental/concentration, 0.543417215347
1439665495.649190, /muse/elements/experimental/concentration, 0.543417215347
1439665495.724117, /muse/elements/experimental/concentration, 0.543417215347
1439665495.868904, /muse/elements/experimental/concentration, 0.543417215347
1439665495.947528, /muse/elements/experimental/concentration, 0.543417215347
1439665496.018347, /muse/elements/experimental/concentration, 0.543417215347
1439665496.165326, /muse/elements/experimental/concentration, 0.543417215347
1439665496.235206, /muse/elements/experimental/concentration, 0.543417215347
1439665496.382676, /muse/elements/experimental/concentration, 0.543417215347
1439665496.459206, /muse/elements/experimental/concentration, 0.543417215347
1439665496.528781, /muse/elements/experimental/concentration, 0.543417215347
1439665496.674745, /muse/elements/experimental/concentration, 0.543417215347
1439665496.750136, /muse/elements/experimental/concentration, 0.543417215347
1439665496.823863, /muse/elements/experimental/concentration, 0.543417215347
1439665496.968014, /muse/elements/experimental/concentration, 0.543417215347
1439665497.049351, /muse/elements/experimental/concentration, 0.543417215347
1439665497.127463, /muse/elements/experimental/concentration, 0.543417215347
1439665497.264622, /muse/elements/experimental/concentration, 0.543417215347
1439665497.336780, /muse/elements/experimental/concentration, 0.543417215347
1439665497.494101, /muse/elements/experimental/concentration, 0.543417215347
1439665497.557993, /muse/elements/experimental/concentration, 0.543417215347
1439665497.626006, /muse/elements/experimental/concentration, 0.543417215347
1439665497.775281, /muse/elements/experimental/concentration, 0.543417215347
1439665497.847786, /muse/elements/experimental/concentration, 0.543417215347
1439665497.922056, /muse/elements/experimental/concentration, 0.543417215347
1439665498.084111, /muse/elements/experimental/concentration, 0.543417215347
1439665498.145671, /muse/elements/experimental/concentration, 0.543417215347
1439665498.287160, /muse/elements/experimental/concentration, 0.543417215347
1439665498.374716, /muse/elements/experimental/concentration, 0.543417215347
1439665498.437745, /muse/elements/experimental/concentration, 0.543417215347
1439665498.579182, /muse/elements/experimental/concentration, 0.543417215347
1439665498.654779, /muse/elements/experimental/concentration, 0.543417215347
1439665498.724861, /muse/elements/experimental/concentration, 0.543417215347
1439665498.870428, /muse/elements/experimental/concentration, 0.543417215347
1439665498.947624, /muse/elements/experimental/concentration, 0.543417215347
1439665499.045901, /muse/elements/experimental/concentration, 0.543417215347
1439665499.164512, /muse/elements/experimental/concentration, 0.543417215347
1439665499.237917, /muse/elements/experimental/concentration, 0.543417215347
1439665499.382579, /muse/elements/experimental/concentration, 0.543417215347
1439665499.457292, /muse/elements/experimental/concentration, 0.543417215347
1439665499.530331, /muse/elements/experimental/concentration, 0.543417215347
1439665499.687153, /muse/elements/experimental/concentration, 0.543417215347
1439665499.760458, /muse/elements/experimental/concentration, 0.543417215347
1439665499.826427, /muse/elements/experimental/concentration, 0.543417215347
1439665499.967333, /muse/elements/experimental/concentration, 0.543417215347
1439665500.070518, /muse/elements/experimental/concentration, 0.543417215347
1439665500.117429, /muse/elements/experimental/concentration, 0.543417215347
1439665500.295093, /muse/elements/experimental/concentration, 0.543417215347
1439665500.337005, /muse/elements/experimental/concentration, 0.543417215347
1439665500.481748, /muse/elements/experimental/concentration, 0.543417215347
1439665500.552836, /muse/elements/experimental/concentration, 0.543417215347
1439665500.628921, /muse/elements/experimental/concentration, 0.543417215347
1439665500.780087, /muse/elements/experimental/concentration, 0.543417215347
1439665500.851252, /muse/elements/experimental/concentration, 0.543417215347
1439665500.935484, /muse/elements/experimental/concentration, 0.543417215347
1439665501.066996, /muse/elements/experimental/concentration, 0.543417215347
1439665501.138748, /muse/elements/experimental/concentration, 0.543417215347
1439665501.219604, /muse/elements/experimental/concentration, 0.543417215347
1439665501.362513, /muse/elements/experimental/concentration, 0.543417215347
1439665501.435301, /muse/elements/experimental/concentration, 0.543417215347
1439665501.602239, /muse/elements/experimental/concentration, 0.543417215347
1439665501.653420, /muse/elements/experimental/concentration, 0.543417215347
1439665501.724586, /muse/elements/experimental/concentration, 0.543417215347
1439665501.875332, /muse/elements/experimental/concentration, 0.543417215347
1439665501.953044, /muse/elements/experimental/concentration, 0.543417215347
1439665502.028051, /muse/elements/experimental/concentration, 0.543417215347
1439665502.165265, /muse/elements/experimental/concentration, 0.543417215347
1439665502.245186, /muse/elements/experimental/concentration, 0.543417215347
1439665502.312771, /muse/elements/experimental/concentration, 0.543417215347
1439665502.459400, /muse/elements/experimental/concentration, 0.543417215347
1439665502.533574, /muse/elements/experimental/concentration, 0.543417215347
1439665502.676906, /muse/elements/experimental/concentration, 0.543417215347
1439665502.750629, /muse/elements/experimental/concentration, 0.543417215347
1439665502.824279, /muse/elements/experimental/concentration, 0.543417215347
1439665502.968401, /muse/elements/experimental/concentration, 0.543417215347
1439665503.045731, /muse/elements/experimental/concentration, 0.543417215347
1439665503.120535, /muse/elements/experimental/concentration, 0.543417215347
1439665503.264842, /muse/elements/experimental/concentration, 0.543417215347
1439665503.337365, /muse/elements/experimental/concentration, 0.543417215347
1439665503.414698, /muse/elements/experimental/concentration, 0.543417215347
1439665503.563964, /muse/elements/experimental/concentration, 0.543417215347
1439665503.632465, /muse/elements/experimental/concentration, 0.543417215347
1439665503.777329, /muse/elements/experimental/concentration, 0.543417215347
1439665503.849734, /muse/elements/experimental/concentration, 0.543417215347
1439665503.923610, /muse/elements/experimental/concentration, 0.543417215347
1439665504.067850, /muse/elements/experimental/concentration, 0.543417215347
1439665504.174749, /muse/elements/experimental/concentration, 0.543417215347
1439665504.221522, /muse/elements/experimental/concentration, 0.543417215347
1439665504.363085, /muse/elements/experimental/concentration, 0.543417215347
1439665504.439462, /muse/elements/experimental/concentration, 0.543417215347
1439665504.507330, /muse/elements/experimental/concentration, 0.543417215347
1439665504.656285, /muse/elements/experimental/concentration, 0.543417215347
1439665504.735021, /muse/elements/experimental/concentration, 0.543417215347
1439665504.880997, /muse/elements/experimental/concentration, 0.543417215347
1439665504.952099, /muse/elements/experimental/concentration, 0.543417215347
1439665505.020985, /muse/elements/experimental/concentration, 0.543417215347
1439665505.173379, /muse/elements/experimental/concentration, 0.543417215347
1439665505.241527, /muse/elements/experimental/concentration, 0.543417215347
1439665505.313749, /muse/elements/experimental/concentration, 0.543417215347
1439665505.457942, /muse/elements/experimental/concentration, 0.543417215347
1439665505.535997, /muse/elements/experimental/concentration, 0.543417215347
1439665505.607847, /muse/elements/experimental/concentration, 0.543417215347
1439665505.750909, /muse/elements/experimental/concentration, 0.543417215347
1439665505.822663, /muse/elements/experimental/concentration, 0.543417215347
1439665505.971260, /muse/elements/experimental/concentration, 0.543417215347
1439665506.055524, /muse/elements/experimental/concentration, 0.543417215347
1439665506.129657, /muse/elements/experimental/concentration, 0.543417215347
1439665506.264637, /muse/elements/experimental/concentration, 0.543417215347
1439665506.335915, /muse/elements/experimental/concentration, 0.543417215347
1439665506.409913, /muse/elements/experimental/concentration, 0.543417215347
1439665506.560362, /muse/elements/experimental/concentration, 0.543417215347
1439665506.646414, /muse/elements/experimental/concentration, 0.543417215347
1439665506.722089, /muse/elements/experimental/concentration, 0.543417215347
1439665506.851671, /muse/elements/experimental/concentration, 0.543417215347
1439665506.923597, /muse/elements/experimental/concentration, 0.543417215347
1439665507.068176, /muse/elements/experimental/concentration, 0.543417215347
1439665507.143115, /muse/elements/experimental/concentration, 0.543417215347
1439665507.217828, /muse/elements/experimental/concentration, 0.543417215347
1439665507.365920, /muse/elements/experimental/concentration, 0.543417215347
1439665507.437938, /muse/elements/experimental/concentration, 0.543417215347
1439665507.507034, /muse/elements/experimental/concentration, 0.543417215347
1439665507.658581, /muse/elements/experimental/concentration, 0.543417215347
1439665507.730161, /muse/elements/experimental/concentration, 0.543417215347
1439665507.803544, /muse/elements/experimental/concentration, 0.543417215347
1439665507.975918, /muse/elements/experimental/concentration, 0.543417215347
1439665508.019899, /muse/elements/experimental/concentration, 0.543417215347
1439665508.166268, /muse/elements/experimental/concentration, 0.543417215347
1439665508.242157, /muse/elements/experimental/concentration, 0.543417215347
1439665508.315202, /muse/elements/experimental/concentration, 0.543417215347
1439665508.463593, /muse/elements/experimental/concentration, 0.543417215347
1439665508.536967, /muse/elements/experimental/concentration, 0.543417215347
1439665508.615463, /muse/elements/experimental/concentration, 0.543417215347
1439665508.752184, /muse/elements/experimental/concentration, 0.543417215347
1439665508.827986, /muse/elements/experimental/concentration, 0.543417215347
1439665508.903530, /muse/elements/experimental/concentration, 0.543417215347
1439665509.046390, /muse/elements/experimental/concentration, 0.543417215347
1439665509.120497, /muse/elements/experimental/concentration, 0.543417215347
1439665509.292056, /muse/elements/experimental/concentration, 0.543417215347
1439665509.337061, /muse/elements/experimental/concentration, 0.543417215347
1439665509.411087, /muse/elements/experimental/concentration, 0.543417215347
1439665509.560660, /muse/elements/experimental/concentration, 0.543417215347
1439665509.634452, /muse/elements/experimental/concentration, 0.543417215347
1439665509.709642, /muse/elements/experimental/concentration, 0.543417215347
1439665509.849998, /muse/elements/experimental/concentration, 0.543417215347
1439665509.939799, /muse/elements/experimental/concentration, 0.543417215347
1439665510.007213, /muse/elements/experimental/concentration, 0.543417215347
1439665510.152541, /muse/elements/experimental/concentration, 0.543417215347
1439665510.218302, /muse/elements/experimental/concentration, 0.543417215347
1439665510.367466, /muse/elements/experimental/concentration, 0.543417215347
1439665510.435869, /muse/elements/experimental/concentration, 0.543417215347
1439665510.538481, /muse/elements/experimental/concentration, 0.543417215347
1439665510.663069, /muse/elements/experimental/concentration, 0.543417215347
1439665510.730334, /muse/elements/experimental/concentration, 0.543417215347
1439665510.805732, /muse/elements/experimental/concentration, 0.543417215347
1439665510.949243, /muse/elements/experimental/concentration, 0.543417215347
1439665511.021915, /muse/elements/experimental/concentration, 0.543417215347
1439665511.179956, /muse/elements/experimental/concentration, 0.543417215347
1439665511.253378, /muse/elements/experimental/concentration, 0.543417215347
1439665511.317865, /muse/elements/experimental/concentration, 0.543417215347
1439665511.462300, /muse/elements/experimental/concentration, 0.543417215347
1439665511.534311, /muse/elements/experimental/concentration, 0.543417215347
1439665511.607020, /muse/elements/experimental/concentration, 0.543417215347
1439665511.754721, /muse/elements/experimental/concentration, 0.543417215347
1439665511.845373, /muse/elements/experimental/concentration, 0.543417215347
1439665511.904188, /muse/elements/experimental/concentration, 0.543417215347
1439665512.046439, /muse/elements/experimental/concentration, 0.543417215347
1439665512.120333, /muse/elements/experimental/concentration, 0.543417215347
1439665512.265790, /muse/elements/experimental/concentration, 0.543417215347
1439665512.343839, /muse/elements/experimental/concentration, 0.543417215347
1439665512.415716, /muse/elements/experimental/concentration, 0.543417215347
1439665512.560598, /muse/elements/experimental/concentration, 0.543417215347
1439665512.631945, /muse/elements/experimental/concentration, 0.543417215347
1439665512.706741, /muse/elements/experimental/concentration, 0.543417215347
1439665512.852670, /muse/elements/experimental/concentration, 0.543417215347
1439665512.927703, /muse/elements/experimental/concentration, 0.543417215347
1439665513.001930, /muse/elements/experimental/concentration, 0.543417215347
1439665513.146958, /muse/elements/experimental/concentration, 0.543417215347
1439665513.217621, /muse/elements/experimental/concentration, 0.543417215347
1439665513.363034, /muse/elements/experimental/concentration, 0.543417215347
1439665513.445838, /muse/elements/experimental/concentration, 0.543417215347
1439665513.512676, /muse/elements/experimental/concentration, 0.543417215347
1439665513.656541, /muse/elements/experimental/concentration, 0.543417215347
1439665513.734010, /muse/elements/experimental/concentration, 0.543417215347
1439665513.806864, /muse/elements/experimental/concentration, 0.543417215347
1439665513.953907, /muse/elements/experimental/concentration, 0.543417215347
1439665514.024913, /muse/elements/experimental/concentration, 0.543417215347
1439665514.096334, /muse/elements/experimental/concentration, 0.543417215347
1439665514.243298, /muse/elements/experimental/concentration, 0.543417215347
1439665514.319114, /muse/elements/experimental/concentration, 0.543417215347
1439665514.463581, /muse/elements/experimental/concentration, 0.543417215347
1439665514.533180, /muse/elements/experimental/concentration, 0.543417215347
1439665514.607181, /muse/elements/experimental/concentration, 0.543417215347
1439665514.755697, /muse/elements/experimental/concentration, 0.543417215347
1439665514.830339, /muse/elements/experimental/concentration, 0.543417215347
1439665514.902169, /muse/elements/experimental/concentration, 0.543417215347
1439665515.055080, /muse/elements/experimental/concentration, 0.543417215347
1439665515.119986, /muse/elements/experimental/concentration, 0.543417215347
1439665515.198883, /muse/elements/experimental/concentration, 0.543417215347
1439665515.340713, /muse/elements/experimental/concentration, 0.543417215347
1439665515.421499, /muse/elements/experimental/concentration, 0.543417215347
1439665515.560082, /muse/elements/experimental/concentration, 0.543417215347
1439665515.654651, /muse/elements/experimental/concentration, 0.543417215347
1439665515.708145, /muse/elements/experimental/concentration, 0.543417215347
1439665515.855453, /muse/elements/experimental/concentration, 0.543417215347
1439665515.928757, /muse/elements/experimental/concentration, 0.543417215347
1439665516.002172, /muse/elements/experimental/concentration, 0.543417215347
1439665516.155370, /muse/elements/experimental/concentration, 0.543417215347
1439665516.217630, /muse/elements/experimental/concentration, 0.543417215347
1439665516.302005, /muse/elements/experimental/concentration, 0.543417215347
1439665516.436316, /muse/elements/experimental/concentration, 0.543417215347
1439665516.514701, /muse/elements/experimental/concentration, 0.543417215347
1439665516.660292, /muse/elements/experimental/concentration, 0.543417215347
1439665516.733348, /muse/elements/experimental/concentration, 0.543417215347
1439665516.806901, /muse/elements/experimental/concentration, 0.543417215347
1439665516.964325, /muse/elements/experimental/concentration, 0.543417215347
1439665517.028376, /muse/elements/experimental/concentration, 0.543417215347
1439665517.102432, /muse/elements/experimental/concentration, 0.543417215347
1439665517.248033, /muse/elements/experimental/concentration, 0.543417215347
1439665517.321356, /muse/elements/experimental/concentration, 0.543417215347
1439665517.391549, /muse/elements/experimental/concentration, 0.543417215347
1439665517.537445, /muse/elements/experimental/concentration, 0.543417215347
1439665517.612485, /muse/elements/experimental/concentration, 0.543417215347
1439665517.755800, /muse/elements/experimental/concentration, 0.543417215347
1439665517.833303, /muse/elements/experimental/concentration, 0.543417215347
1439665517.905973, /muse/elements/experimental/concentration, 0.543417215347
1439665518.060328, /muse/elements/experimental/concentration, 0.543417215347
1439665518.120126, /muse/elements/experimental/concentration, 0.543417215347
1439665518.216398, /muse/elements/experimental/concentration, 0.543417215347
1439665518.354528, /muse/elements/experimental/concentration, 0.543417215347
1439665518.417434, /muse/elements/experimental/concentration, 0.543417215347
1439665518.487795, /muse/elements/experimental/concentration, 0.543417215347
1439665518.633913, /muse/elements/experimental/concentration, 0.543417215347
1439665518.713926, /muse/elements/experimental/concentration, 0.543417215347
1439665518.881377, /muse/elements/experimental/concentration, 0.543417215347
1439665518.930943, /muse/elements/experimental/concentration, 0.543417215347
1439665519.005689, /muse/elements/experimental/concentration, 0.543417215347
1439665519.146436, /muse/elements/experimental/concentration, 0.543417215347
1439665519.219049, /muse/elements/experimental/concentration, 0.543417215347
1439665519.291792, /muse/elements/experimental/concentration, 0.543417215347
1439665519.441269, /muse/elements/experimental/concentration, 0.543417215347
1439665519.533349, /muse/elements/experimental/concentration, 0.543417215347
1439665519.589206, /muse/elements/experimental/concentration, 0.543417215347
1439665519.735467, /muse/elements/experimental/concentration, 0.543417215347
1439665519.813947, /muse/elements/experimental/concentration, 0.543417215347
1439665519.951016, /muse/elements/experimental/concentration, 0.543417215347
1439665520.025726, /muse/elements/experimental/concentration, 0.543417215347
1439665520.103112, /muse/elements/experimental/concentration, 0.543417215347
1439665520.245513, /muse/elements/experimental/concentration, 0.543417215347
1439665520.317436, /muse/elements/experimental/concentration, 0.543417215347
1439665520.392675, /muse/elements/experimental/concentration, 0.543417215347
1439665520.536897, /muse/elements/experimental/concentration, 0.543417215347
1439665520.612922, /muse/elements/experimental/concentration, 0.543417215347
1439665520.685112, /muse/elements/experimental/concentration, 0.543417215347
1439665520.831522, /muse/elements/experimental/concentration, 0.543417215347
1439665520.902635, /muse/elements/experimental/concentration, 0.543417215347
1439665521.048406, /muse/elements/experimental/concentration, 0.543417215347
1439665521.128840, /muse/elements/experimental/concentration, 0.543417215347
1439665521.198430, /muse/elements/experimental/concentration, 0.543417215347
1439665521.343733, /muse/elements/experimental/concentration, 0.543417215347
1439665521.421099, /muse/elements/experimental/concentration, 0.543417215347
1439665521.490124, /muse/elements/experimental/concentration, 0.543417215347
